EMD_CD,EMD_NM,PRED_SEVERITY,RISK_LEVEL,AVG_RN1,TOTAL_RN1,AVG_WATL,AVG_ELEVATION,DONG_AREA_KM2
11110103,궁정동,0.0,안전,0.0,0.0,0.0,50.86512557142857,0.0733249521229892
11110120,신문로1가,0.0,안전,0.0,0.0,0.0,35.858065857142854,0.06576600800376
11110167,충신동,0.0,안전,0.0,0.0,0.0,32.674837933333336,0.1282341354228581
11110185,홍지동,0.0,안전,0.0,0.0,0.0,111.61698966666668,0.3558291481991782
11110154,장사동,0.0,안전,0.0,0.0,0.0,22.8054544,0.0576339981320931
11110135,관철동,0.0,안전,0.0,0.0,0.0,26.055264,0.0824740812089123
11110177,평동,0.0,안전,0.0,0.0,0.0,45.878795888888895,0.0805059779631079
11110156,종로3가,0.0,안전,0.0,0.0,0.0,23.993978,0.0450166812691121
11110161,종로4가,0.0,안전,0.0,0.0,0.0,22.4605895,0.0428471275425628
11110123,서린동,0.0,안전,0.0,0.0,0.0,28.661896,0.0474688599834108
11110178,송월동,0.0,안전,0.0,0.0,0.0,55.07935583333333,0.044573611127085
11110158,예지동,0.0,안전,0.0,0.0,0.0,21.423468300000003,0.068500417259522
11110127,공평동,0.0,안전,0.0,0.0,0.0,29.20066333333333,0.0386724069852391
11110179,홍파동,0.0,안전,0.0,0.0,0.0,50.93891025,0.0417323742155428
11110126,종로1가,0.0,안전,0.0,0.0,0.0,29.73767871428572,0.0360800626484026
11110117,당주동,0.0,안전,0.0,0.0,0.0,35.6821468,0.0432291591752082
11110163,종로5가,0.0,안전,0.0,0.0,0.0,20.911049,0.1116864679248525
11110153,돈의동,0.0,안전,0.0,0.0,0.0,26.20902075,0.0321890159750496
11110136,인사동,0.0,안전,0.0,0.0,0.0,28.4664449,0.0692861448015418
11110152,봉익동,0.0,안전,0.0,0.0,0.0,25.74645433333333,0.0392500754084812
11110180,교북동,0.0,안전,0.0,0.0,0.0,45.20961666666667,0.0297998853152645
11110116,도렴동,0.0,안전,0.0,0.0,0.0,33.0086254,0.0292367679046478
11110151,묘동,0.0,안전,0.0,0.0,0.0,25.8082745,0.0300683661238168
11110157,인의동,0.0,안전,0.0,0.0,0.0,25.701023727272727,0.0824669259889188
11110118,내수동,0.0,안전,0.0,0.0,0.0,39.657528125,0.0704765317115603
11110121,신문로2가,0.0,안전,0.0,0.0,0.0,51.29246789655173,0.2550264072454942
11110162,효제동,0.0,안전,0.0,0.0,0.0,22.802743454545453,0.1003459687856963
11110129,견지동,0.0,안전,0.0,0.0,0.0,33.21049433333334,0.0461444632649855
11110133,익선동,0.0,안전,0.0,0.0,0.0,28.6576096,0.0462208497391975
11110124,수송동,0.0,안전,0.0,0.0,0.0,33.1117113,0.0982333566144871
11110128,관훈동,0.0,안전,0.0,0.0,0.0,30.216649166666667,0.0733728804319911
11110174,창신동,0.0,안전,0.0,0.0,0.0,50.76177729213484,0.7790551177617704
11110119,세종로,0.0,안전,0.0,0.0,0.0,51.20557382828282,0.884516104527535
11110164,종로6가,0.0,안전,0.0,0.0,0.0,26.4608261875,0.1520803365890481
11110176,교남동,0.0,안전,0.0,0.0,0.0,40.373894666666665,0.0221662847331358
11110155,관수동,0.0,안전,0.0,0.0,0.0,24.063848333333336,0.0600396867457501
11110122,청진동,0.0,안전,0.0,0.0,0.0,30.816562,0.0616584860059788
11110131,권농동,0.0,안전,0.0,0.0,0.0,32.598785,0.0342650960172079
11110145,송현동,0.0,안전,0.0,0.0,0.0,36.1372775,0.0452211139747379
11110115,사직동,0.0,안전,0.0,0.0,0.0,72.41040796666667,0.2839115669190327
11110113,필운동,0.0,안전,0.0,0.0,0.0,58.74521866666666,0.086137290724677
11110165,이화동,0.0,안전,0.0,0.0,0.0,41.81435723076923,0.1219392083491417
11110112,체부동,0.0,안전,0.0,0.0,0.0,41.349204,0.0450315539952902
11110141,안국동,0.0,안전,0.0,0.0,0.0,36.525471125,0.0678511178978212
11110106,통의동,0.0,안전,0.0,0.0,0.0,37.05470133333333,0.062914520683665
11110160,연지동,0.0,안전,0.0,0.0,0.0,25.57614942857143,0.1118133417110694
11110125,중학동,0.0,안전,0.0,0.0,0.0,34.3591088,0.0306146184331171
11110114,내자동,0.0,안전,0.0,0.0,0.0,37.9024315,0.0523163676726759
11110107,적선동,0.0,안전,0.0,0.0,0.0,34.79952475,0.0432246601743682
11110138,종로2가,0.0,안전,0.0,0.0,0.0,26.708843875,0.0594098411787344
11110134,경운동,0.0,안전,0.0,0.0,0.0,30.910426625,0.0572719584391157
11110159,원남동,0.0,안전,0.0,0.0,0.0,27.14889511111112,0.0738431359038441
11110181,행촌동,0.0,안전,0.0,0.0,0.0,70.7337064375,0.1285420399478665
11110150,훈정동,0.0,안전,0.0,0.0,0.0,31.209362318181817,0.2061607366220997
11110132,운니동,0.0,안전,0.0,0.0,0.0,33.139630714285715,0.0698172998958018
11110137,낙원동,0.0,안전,0.0,0.0,0.0,27.585873,0.0728962323310199
11110144,사간동,0.0,안전,0.0,0.0,0.0,36.7748285,0.0286979313388496
11110187,무악동,0.0,안전,0.0,0.0,0.0,112.13071552380951,0.3697646777170947
11110109,누상동,0.0,안전,0.0,0.0,0.0,114.102195,0.2587734437501817
11110143,화동,0.0,안전,0.0,0.0,0.0,48.58286933333333,0.0581575484025213
11110172,명륜4가,0.0,안전,0.0,0.0,0.0,32.345687,0.0746681608469842
11110104,효자동,0.0,안전,0.0,0.0,0.0,43.58304,0.0594489348191391
11110139,팔판동,0.0,안전,0.0,0.0,0.0,47.22074799999999,0.0412368956515534
11110102,신교동,0.0,안전,0.0,0.0,0.0,71.1919202,0.0988942378021899
11110146,가회동,0.0,안전,0.0,0.0,0.0,60.55332082352941,0.1579914652051266
11110171,명륜2가,0.0,안전,0.0,0.0,0.0,36.71548781818182,0.1084630567662447
11110101,청운동,0.0,안전,0.0,0.0,0.0,115.61918226373626,0.7932137713951899
11110111,옥인동,0.0,안전,0.0,0.0,0.0,151.2469854509804,0.4182269419275327
11110130,와룡동,0.0,안전,0.0,0.0,0.0,49.938363192771085,0.7069912111430184
11110148,계동,0.0,안전,0.0,0.0,0.0,54.131057166666665,0.1738048320303511
11110149,원서동,0.0,안전,0.0,0.0,0.0,66.75511468421053,0.1559564184734793
11110173,명륜3가,0.0,안전,0.0,0.0,0.0,89.01253331914893,0.4153138833439654
11110170,명륜1가,0.0,안전,0.0,0.0,0.0,57.31182118181818,0.1940329066614129
11110147,재동,0.0,안전,0.0,0.0,0.0,37.222883875,0.0529989704243056
11110110,누하동,0.0,안전,0.0,0.0,0.0,47.526427875,0.0561138167170751
11110108,통인동,0.0,안전,0.0,0.0,0.0,40.73095825,0.0500735814799098
11110142,소격동,0.0,안전,0.0,0.0,0.0,39.75525725,0.0612458896795955
11110105,창성동,0.0,안전,0.0,0.0,0.0,40.00001333333333,0.0594426498974317
11110166,연건동,0.0,안전,0.0,0.0,0.0,32.93166616129032,0.2952767179197893
11110183,평창동,0.0,안전,0.0,0.0,0.0,253.8596462104377,5.20284085881308
11110182,구기동,0.0001,주의,0.0,0.0,0.0,307.85826821749407,3.741813114229287
11110175,숭인동,0.0,안전,0.0,0.0,0.0,32.214327,0.5906058098228365
11110168,동숭동,0.0,안전,0.0,0.0,0.0,43.760082454545454,0.3650023114579569
11110140,삼청동,0.0,안전,0.0,0.0,0.0,138.32199974626866,1.179004983646578
11110184,부암동,0.0,안전,0.0,0.0,0.0,165.39929718079097,1.5525918569405472
11110169,혜화동,0.0,안전,0.0,0.0,0.0,47.22912958974359,0.3287975431654426
11110186,신영동,0.0,안전,0.0,0.0,0.0,92.48865186666666,0.3618050458566904
11140165,황학동,0.0,안전,0.0,0.0,0.0,22.71438136842105,0.3279006805632831
11140156,입정동,0.0,안전,0.0,0.0,0.0,23.6171238,0.0398046810177078
11140143,장충동1가,0.0,안전,0.0,0.0,0.0,36.04864611764706,0.148593862118792
11140144,장충동2가,0.0,안전,0.0,0.0,0.0,86.79654080291971,1.1977860427738964
11140160,인현동1가,0.0,안전,0.0,0.0,0.0,25.93670575,0.044235889981458
11140105,을지로2가,0.0,안전,0.0,0.0,0.0,27.277716357142857,0.1124485460024371
11140135,예관동,0.0,안전,0.0,0.0,0.0,28.2215322,0.0387083164156905
11140132,충무로4가,0.0,안전,0.0,0.0,0.0,30.76885471428572,0.058267957521966
11140107,삼각동,0.0,안전,0.0,0.0,0.0,26.2421875,0.0270463165214418
11140106,남대문로1가,0.0,안전,0.0,0.0,0.0,25.972254333333336,0.0187192252899539
11140137,필동1가,0.0,안전,0.0,0.0,0.0,35.28716325,0.0359225440463368
11140140,남학동,0.0,안전,0.0,0.0,0.0,39.743088,0.0107479970454729
11140109,장교동,0.0,안전,0.0,0.0,0.0,25.347435333333333,0.0341615512918844
11140161,저동2가,0.0,안전,0.0,0.0,0.0,30.1685845,0.0545602614079038
11140134,인현동2가,0.0,안전,0.0,0.0,0.0,26.909355666666663,0.0703496692806436
11140126,명동1가,0.0,안전,0.0,0.0,0.0,30.1417625,0.0367900207322485
11140131,저동1가,0.0,안전,0.0,0.0,0.0,32.066659,0.0354902269308622
11140169,의주로1가,0.0,안전,0.0,0.0,0.0,32.72752025,0.0268436195873931
11140172,의주로2가,0.0,안전,0.0,0.0,0.0,30.940629666666663,0.0396250631138585
11140122,회현동2가,0.0,안전,0.0,0.0,0.0,44.458704,0.0704636883674375
11140128,남산동1가,0.0,안전,0.0,0.0,0.0,45.2888945,0.0230010394694081
11140130,남산동3가,0.0,안전,0.0,0.0,0.0,39.79776266666666,0.0289822159947687
11140158,충무로3가,0.0,안전,0.0,0.0,0.0,32.94202425,0.047142699840525
11140133,충무로5가,0.0,안전,0.0,0.0,0.0,29.75512057142857,0.0543285841492943
11140159,초동,0.0,안전,0.0,0.0,0.0,28.556668142857145,0.0516048551760808
11140136,묵정동,0.0,안전,0.0,0.0,0.0,36.34606316666667,0.0617197546388538
11140154,오장동,0.0,안전,0.0,0.0,0.0,25.667577285714287,0.0674841525253915
11140146,광희동2가,0.0,안전,0.0,0.0,0.0,25.47606233333333,0.0565238301435914
11140145,광희동1가,0.0,안전,0.0,0.0,0.0,22.625046166666667,0.0539813169733894
11140147,쌍림동,0.0,안전,0.0,0.0,0.0,26.19653669230769,0.0787050650236938
11140123,회현동3가,0.0,안전,0.0,0.0,0.0,39.02346666666667,0.0125798538722275
11140129,남산동2가,0.0,안전,0.0,0.0,0.0,51.485126666666666,0.0723944525506883
11140111,소공동,0.0,안전,0.0,0.0,0.0,32.0163715,0.0821530758982841
11140113,북창동,0.0,안전,0.0,0.0,0.0,32.001224,0.0441382789949945
11140155,을지로3가,0.0,안전,0.0,0.0,0.0,24.836450444444445,0.0831091552800725
11140170,충정로1가,0.0,안전,0.0,0.0,0.0,38.50194966666667,0.0336108010240044
11140148,을지로6가,0.0,안전,0.0,0.0,0.0,20.56311338095238,0.1850070914026748
11140127,명동2가,0.0,안전,0.0,0.0,0.0,34.65250014285714,0.1176061238633686
11140104,을지로1가,0.0,안전,0.0,0.0,0.0,28.511363285714285,0.0622996953065153
11140110,수표동,0.0,안전,0.0,0.0,0.0,22.24304566666667,0.0351983205154134
11140149,을지로7가,0.0,안전,0.0,0.0,0.0,22.0377399,0.0919583301436025
11140153,방산동,0.0,안전,0.0,0.0,0.0,19.93236175,0.0590574493594572
11140168,순화동,0.0,안전,0.0,0.0,0.0,33.0577641875,0.1433995988265582
11140118,남대문로5가,0.0,안전,0.0,0.0,0.0,44.360878541666665,0.2281683992893264
11140117,남대문로4가,0.0,안전,0.0,0.0,0.0,36.46628785714286,0.0548888087935855
11140119,봉래동1가,0.0,안전,0.0,0.0,0.0,32.66208875,0.0412949900772626
11140112,남창동,0.0,안전,0.0,0.0,0.0,43.0337945625,0.1386913927954977
11140164,무학동,0.0,안전,0.0,0.0,0.0,22.030241,0.0272208117473914
11140163,흥인동,0.0,안전,0.0,0.0,0.0,20.590241,0.1246933435581089
11140174,만리동2가,0.0,안전,0.0,0.0,0.0,70.96450713333334,0.1439727398956563
11140167,정동,0.0,안전,0.0,0.0,0.0,38.485742,0.3030138561023702
11140142,예장동,0.0,안전,0.0,0.0,0.0,118.2127552631579,0.6789662576147336
11140171,중림동,0.0,안전,0.0,0.0,0.0,46.339695086956525,0.227682433844324
11140162,신당동,0.0,안전,0.0,0.0,0.0,45.43571935766423,2.3901568117898595
11140120,봉래동2가,0.0,안전,0.0,0.0,0.0,27.23390482352941,0.1300335088489349
11140121,회현동1가,0.0,안전,0.0,0.0,0.0,73.01468311111111,0.2989560052037214
11140173,만리동1가,0.0,안전,0.0,0.0,0.0,46.5786713,0.0699083321150578
11140103,태평로1가,0.0,안전,0.0,0.0,0.0,31.176811777777782,0.074421195093709
11140102,다동,0.0,안전,0.0,0.0,0.0,27.6113275,0.05853580950169
11140101,무교동,0.0,안전,0.0,0.0,0.0,28.912833,0.0321976736372937
11140152,주교동,0.0,안전,0.0,0.0,0.0,21.66830225,0.0730020369700569
11140157,산림동,0.0,안전,0.0,0.0,0.0,22.910794166666665,0.0448723577155242
11140108,수하동,0.0,안전,0.0,0.0,0.0,25.934542,0.018328011737068
11140124,충무로1가,0.0,안전,0.0,0.0,0.0,34.250128333333336,0.0594307027016473
11140125,충무로2가,0.0,안전,0.0,0.0,0.0,38.07910144444444,0.0690497825567046
11140116,남대문로3가,0.0,안전,0.0,0.0,0.0,34.459441,0.0340157242301019
11140115,남대문로2가,0.0,안전,0.0,0.0,0.0,29.543414,0.0262286181746562
11140166,서소문동,0.0,안전,0.0,0.0,0.0,36.93628546153846,0.1153618328287784
11140114,태평로2가,0.0,안전,0.0,0.0,0.0,31.8138322,0.0820873026576757
11140150,을지로4가,0.0,안전,0.0,0.0,0.0,23.900995857142856,0.0704345472814621
11140139,필동3가,0.0,안전,0.0,0.0,0.0,41.61547541666666,0.093518289242325
11140138,필동2가,0.0,안전,0.0,0.0,0.0,49.25462113043478,0.1851388126668266
11140141,주자동,0.0,안전,0.0,0.0,0.0,42.4256365,0.0227695382302948
11140151,을지로5가,0.0,안전,0.0,0.0,0.0,22.501702857142856,0.0784684453425277
11170103,용산동4가,0.0,안전,0.0,0.0,0.0,36.56616447727273,0.7934763663915246
11170132,동빙고동,0.0,안전,0.0,0.0,0.0,26.18548217333333,0.4042619130772583
11170120,도원동,0.0,안전,0.0,0.0,0.0,45.959655454545455,0.0885572458144388
11170135,용산동6가,0.0,안전,0.0,0.0,0.0,13.730014808928573,1.438090246110861
11170126,용산동3가,0.0,안전,0.0,0.0,0.0,26.377724256410257,0.3352638222022187
11170121,용문동,0.0,안전,0.0,0.0,0.0,18.167537285714285,0.1913652740444751
11170116,청암동,0.0,안전,0.0,0.0,0.0,24.35114884444444,0.0714363799416088
11170117,원효로3가,0.0,안전,0.0,0.0,0.0,16.85962992105263,0.159259452734962
11170119,효창동,0.0,안전,0.0,0.0,0.0,40.917143836734695,0.443192321983129
11170107,동자동,0.0,안전,0.0,0.0,0.0,29.2191595,0.2882862230179299
11170131,한남동,0.0,안전,0.0,0.0,0.0,60.79853704126074,3.026493575891407
11170118,원효로4가,0.0,안전,0.0,0.0,0.0,13.833298128125,0.3109844716731213
11170129,이촌동,0.0,안전,0.0,0.0,0.0,7.5278541533190575,4.07803395354752
11170101,후암동,0.0,안전,0.0,0.0,0.0,78.48491064646464,0.8662608180180489
11170125,한강로2가,0.0,안전,0.0,0.0,0.0,12.18164443877551,0.447328729467369
11170104,갈월동,0.0,안전,0.0,0.0,0.0,23.44584073076923,0.2233595590852821
11170102,용산동2가,0.0,안전,0.0,0.0,0.0,76.71021138059702,1.172070201105018
11170123,신계동,0.0,안전,0.0,0.0,0.0,15.29927088235294,0.1440269413984917
11170113,원효로2가,0.0,안전,0.0,0.0,0.0,14.2948348,0.1308826593175399
11170127,용산동5가,0.0,안전,0.0,0.0,0.0,17.20865113125,0.691574739122661
11170124,한강로1가,0.0,안전,0.0,0.0,0.0,14.14643720689655,0.2382902642753969
11170128,한강로3가,0.0,안전,0.0,0.0,0.0,11.408462755072463,1.1921172066155754
11170122,문배동,0.0,안전,0.0,0.0,0.0,13.206194125,0.1131709392626575
11170112,원효로1가,0.0,안전,0.0,0.0,0.0,23.67644070833333,0.2056264260648726
11170111,청파동3가,0.0,안전,0.0,0.0,0.0,31.96254448275862,0.2304194060058276
11170105,남영동,0.0,안전,0.0,0.0,0.0,16.9533405625,0.0650363791675508
11170106,용산동1가,0.0,안전,0.0,0.0,0.0,21.26994236956521,0.60562731503048
11170110,청파동2가,0.0,안전,0.0,0.0,0.0,45.06647786956521,0.2231475437342447
11170114,신창동,0.0,안전,0.0,0.0,0.0,36.31726642857143,0.0624247999051006
11170115,산천동,0.0,안전,0.0,0.0,0.0,44.80582063636364,0.0975117467632932
11170109,청파동1가,0.0,안전,0.0,0.0,0.0,51.05888036363637,0.1961393959672896
11170130,이태원동,0.0,안전,0.0,0.0,0.0,78.85250570731708,1.4388120164104854
11170136,보광동,0.0,안전,0.0,0.0,0.0,34.68768711084337,0.7124531484314844
11170108,서계동,0.0,안전,0.0,0.0,0.0,40.94913462068966,0.2508479238680652
11170134,주성동,0.0,안전,0.0,0.0,0.0,17.96966271904762,0.1721865688327598
11170133,서빙고동,0.0,안전,0.0,0.0,0.0,13.007055638043475,0.792319659582649
11200115,성수동2가,0.0,안전,0.0,0.0,0.0,11.581174073517788,2.2320919427416794
11200104,도선동,0.0,안전,0.0,0.0,0.0,25.88390653333333,0.13735573563007
11200107,행당동,0.0,안전,0.0,0.0,0.0,30.127908,1.4980067803404962
11200101,상왕십리동,0.0,안전,0.0,0.0,0.0,20.024051666666665,0.1511621214807557
11200103,홍익동,0.0,안전,0.0,0.0,0.0,23.21520333333333,0.1731797373314468
11200106,사근동,0.0,안전,0.0,0.0,0.0,26.287158626666667,0.6734150926389422
11200110,금호동2가,0.0,안전,0.0,0.0,0.0,75.59529334285715,0.3026773816993027
11200111,금호동3가,0.0,안전,0.0,0.0,0.0,59.30215290243903,0.3275349721672044
11200114,성수동1가,0.0,안전,0.0,0.0,0.0,12.23211640939394,2.856858108705161
11200109,금호동1가,0.0,안전,0.0,0.0,0.0,58.16448189583334,0.443084979146645
11200112,금호동4가,0.0,안전,0.0,0.0,0.0,26.56146417888889,0.8015746204752917
11200122,용답동,0.0,안전,0.0,0.0,0.0,11.75735665464481,1.5883067542438187
11200105,마장동,0.0,안전,0.0,0.0,0.0,17.867098232,1.054034232224229
11200102,하왕십리동,0.0,안전,0.0,0.0,0.0,37.83504877631579,0.623002680276513
11200108,응봉동,0.0,안전,0.0,0.0,0.0,35.18733308484849,0.5581654904202135
11200118,송정동,0.0,안전,0.0,0.0,0.0,11.518827956363635,1.4423280035323391
11200113,옥수동,0.0,안전,0.0,0.0,0.0,30.15687450941704,1.9621002883711576
11215105,자양동,0.0,안전,0.0,0.0,0.0,13.500550862264152,4.608184427334447
11215103,구의동,0.0,안전,0.0,0.0,0.0,40.98494547413793,3.004394929911126
11215107,화양동,0.0,안전,0.0,0.0,0.0,18.01273858076923,1.1300992556925935
11215102,능동,0.0,안전,0.0,0.0,0.0,24.36436796,1.1013564341348925
11215104,광장동,0.0,안전,0.0,0.0,0.0,48.38939672463236,2.393516283671356
11215109,군자동,0.0,안전,0.0,0.0,0.0,16.25236441764706,0.7340879182765916
11215101,중곡동,0.0,안전,0.0,0.0,0.0,77.94094940685224,4.087633885684173
11230106,장안동,0.0,안전,0.0,0.0,0.0,12.760107554307115,2.333552530482036
11230101,신설동,0.0001,주의,0.0,0.0,0.0,18.485912027027027,0.3413672257354402
11230102,용두동,0.0,안전,0.0,0.0,0.0,16.70396062328767,1.2734222580697885
11230107,청량리동,0.0,안전,0.0,0.0,0.0,29.286930348148147,1.199248910986944
11230109,휘경동,0.0,안전,0.0,0.0,0.0,22.858356597435897,1.6885169862237572
11230110,이문동,0.0,안전,0.0,0.0,0.0,24.144634980295567,1.7403408381641765
11230103,제기동,0.0,안전,0.0,0.0,0.0,18.41896843971631,1.189964364092784
11230105,답십리동,0.0,안전,0.0,0.0,0.0,21.38247020157068,1.6594889582900476
11230104,전농동,0.0,안전,0.0,0.0,0.0,28.15873122881356,2.054240254800021
11230108,회기동,0.0,안전,0.0,0.0,0.0,50.78981391111112,0.7669630954119496
11260103,중화동,0.0,안전,0.0,0.0,0.0,21.94451556417112,1.6602124473628994
11260102,상봉동,0.0,안전,0.0,0.0,0.0,31.07996443502825,1.5305438318746294
11260104,묵동,0.0,안전,0.0,0.0,0.0,26.66094820642202,1.897666250947135
11260101,면목동,0.0,안전,0.0,0.0,0.0,58.837676509406656,6.015541907523558
11260105,망우동,0.0,안전,0.0,0.0,0.0,62.348172986577175,3.896640310222108
11260106,신내동,0.0,안전,0.0,0.0,0.0,48.44389018844221,3.5308091682486187
11290102,성북동1가,0.0,안전,0.0,0.0,0.0,51.07041677777778,0.0812812679513607
11290111,삼선동1가,0.0,안전,0.0,0.0,0.0,62.623800208333336,0.2085562374352088
11290101,성북동,0.0,안전,0.0,0.0,0.0,148.8323542384106,2.643164315788287
11290109,동소문동6가,0.0,안전,0.0,0.0,0.0,49.52640054545454,0.099916909101595
11290139,석관동,0.0,안전,0.0,0.0,0.0,25.825944205882355,1.7429776498667908
11290126,보문동4가,0.0,안전,0.0,0.0,0.0,22.3917618,0.0431056343760693
11290127,보문동5가,0.0,안전,0.0,0.0,0.0,23.895897833333333,0.0567039224429389
11290106,동소문동3가,0.0,안전,0.0,0.0,0.0,35.525611,0.0284718118105052
11290108,동소문동5가,0.0,안전,0.0,0.0,0.0,31.4446938,0.0429757476355261
11290107,동소문동4가,0.0,안전,0.0,0.0,0.0,53.292122500000005,0.0935809543445672
11290110,동소문동7가,0.0,안전,0.0,0.0,0.0,50.355626125,0.0703579117051639
11290130,보문동1가,0.0,안전,0.0,0.0,0.0,25.484024444444444,0.0688921575985871
11290115,삼선동5가,0.0,안전,0.0,0.0,0.0,31.36735666666667,0.1197762648829368
11290134,길음동,0.0,안전,0.0,0.0,0.0,60.840977125,1.2365754587688045
11290114,삼선동4가,0.0,안전,0.0,0.0,0.0,33.12630690909091,0.0875790390180637
11290103,돈암동,0.0,안전,0.0,0.0,0.0,78.11838338582677,1.1304697523451568
11290129,보문동7가,0.0,안전,0.0,0.0,0.0,21.45705625,0.0665826243165341
11290105,동소문동2가,0.0,안전,0.0,0.0,0.0,38.4124575,0.0392806985761808
11290122,안암동2가,0.0,안전,0.0,0.0,0.0,34.57864118181818,0.106139441060227
11290121,안암동1가,0.0,안전,0.0,0.0,0.0,39.12324275,0.1026708440371359
11290125,안암동5가,0.0,안전,0.0,0.0,0.0,55.75334327777778,0.9486609614075554
11290112,삼선동2가,0.0,안전,0.0,0.0,0.0,58.60618673076923,0.2292966360020027
11290135,종암동,0.0,안전,0.0,0.0,0.0,43.582360668674696,1.4612734210757896
11290131,보문동2가,0.0,안전,0.0,0.0,0.0,33.13123628571429,0.0642388305942677
11290128,보문동6가,0.0,안전,0.0,0.0,0.0,46.6329569375,0.1426496883039356
11290124,안암동4가,0.0,안전,0.0,0.0,0.0,26.0522175,0.0584531509855701
11290123,안암동3가,0.0001,주의,0.0,0.0,0.0,33.78701925,0.1083084127421047
11290136,하월곡동,0.0,안전,0.0,0.0,0.0,38.434745567307694,1.7932405639859277
11290113,삼선동3가,0.0,안전,0.0,0.0,0.0,44.05498283333333,0.1708405065014391
11290132,보문동3가,0.0,안전,0.0,0.0,0.0,54.18832707692308,0.1114059918000619
11290120,동선동5가,0.0,안전,0.0,0.0,0.0,49.47080525,0.067407548302366
11290118,동선동3가,0.0,안전,0.0,0.0,0.0,43.49759266666666,0.098244888115424
11290119,동선동4가,0.0,안전,0.0,0.0,0.0,50.7553693,0.0867138739018286
11290116,동선동1가,0.0,안전,0.0,0.0,0.0,32.91463944444445,0.0821758997647833
11290104,동소문동1가,0.0,안전,0.0,0.0,0.0,53.9136205,0.0642844598715158
11290117,동선동2가,0.0,안전,0.0,0.0,0.0,31.837101916666665,0.0991515040233332
11290138,장위동,0.0,안전,0.0,0.0,0.0,34.01312413362069,2.0363241009589275
11290133,정릉동,0.0046,주의,0.0,0.0,0.0,195.2561506256463,8.401669082731905
11290137,상월곡동,0.0,안전,0.0,0.0,0.0,54.48454701724138,0.5295840691161673
11305101,미아동,0.0046,주의,0.0,0.0,0.0,61.04317969383698,4.393858093203479
11305104,우이동,0.0046,주의,0.0,0.0,0.0,260.6800433647175,8.904631181410346
11305102,번동,0.0,안전,0.0,0.0,0.0,46.11154419935691,2.677343317609167
11305103,수유동,0.0046,주의,0.0,0.0,0.0,145.80201167995443,7.668089391489455
11320105,쌍문동,0.0,안전,0.0,0.0,0.0,47.137618331269344,2.784858828785717
11320107,창동,0.0,안전,0.0,0.0,0.0,31.86638329531568,4.264602580911979
11320106,방학동,0.0,안전,0.0,0.0,0.0,60.442240399572654,4.06848101796554
11320108,도봉동,0.0,안전,0.0,0.0,0.0,193.7200785241568,9.56078399392124
11350103,공릉동,0.0,안전,0.0,0.0,0.0,47.882886341798944,8.24054282491811
11350104,하계동,0.0,안전,0.0,0.0,0.0,31.58127310869565,2.025272854078978
11350106,중계동,0.0,안전,0.0,0.0,0.0,88.11644848247079,5.246776610701752
11350105,상계동,0.0,안전,0.0,0.0,0.0,117.78528802544248,15.8022312575457
11350102,월계동,0.0,안전,0.0,0.0,0.0,35.674769329938904,4.28754069985204
11380106,대조동,0.0,안전,0.0,0.0,0.0,26.98773191752577,0.8513568577659474
11380114,진관동,0.0,안전,0.0,0.0,0.0,124.57393746793892,11.564780925895844
11380104,갈현동,0.0,안전,0.0,0.0,0.0,65.82568298660713,1.945573038481823
11380105,구산동,0.0,안전,0.0,0.0,0.0,67.25069030188679,1.3889823750264123
11380103,불광동,0.0,안전,0.0,0.0,0.0,115.99282774856046,4.51794721594293
11380110,증산동,0.0,안전,0.0,0.0,0.0,34.70412368085106,0.8090983755335901
11380109,신사동,0.0,안전,0.0,0.0,0.0,56.88438163809524,1.8529072502901105
11380102,녹번동,0.0,안전,0.0,0.0,0.0,59.417256897560975,1.7935035110668407
11380107,응암동,0.0,안전,0.0,0.0,0.0,41.06321628595318,2.6171265231346026
11380108,역촌동,0.0,안전,0.0,0.0,0.0,28.092671156716417,1.1564236645742818
11380101,수색동,0.0,안전,0.0,0.0,0.0,43.01244903521127,1.2917989202115352
11410109,현저동,0.0,안전,0.0,0.0,0.0,104.08591756451612,0.5281120058481886
11410103,합동,0.0,안전,0.0,0.0,0.0,38.13539383333333,0.043437611332261
11410117,연희동,0.0,안전,0.0,0.0,0.0,53.05226410144928,3.0108667478904687
11410104,미근동,0.0,안전,0.0,0.0,0.0,34.117339625,0.0773979249428481
11410114,신촌동,0.0,안전,0.0,0.0,0.0,68.72047851546392,0.8634136370498529
11410110,북아현동,0.0,안전,0.0,0.0,0.0,75.60519269672132,1.0757396734023803
11410115,봉원동,0.0,안전,0.0,0.0,0.0,163.84411260416667,0.4313016352406295
11410112,대현동,0.0,안전,0.0,0.0,0.0,54.52551940384616,0.4652993172636537
11410101,충정로2가,0.0,안전,0.0,0.0,0.0,52.955597352941176,0.1272906406958034
11410105,냉천동,0.0,안전,0.0,0.0,0.0,51.456742090909096,0.1151631464534127
11410107,옥천동,0.0,안전,0.0,0.0,0.0,92.374889,0.0543648248346444
11410116,창천동,0.0,안전,0.0,0.0,0.0,28.054236397260272,0.6065484718482684
11410106,천연동,0.0,안전,0.0,0.0,0.0,80.12199855555555,0.1533145525814799
11410111,홍제동,0.0,안전,0.0,0.0,0.0,92.6109649479452,3.1428748307588616
11410113,대신동,0.0,안전,0.0,0.0,0.0,52.452480575757576,0.2672079037265868
11410102,충정로3가,0.0,안전,0.0,0.0,0.0,64.18151665517242,0.2551189053476737
11410108,영천동,0.0,안전,0.0,0.0,0.0,84.24771166666667,0.1359656119702798
11410118,홍은동,0.0,안전,0.0,0.0,0.0,95.18022909478672,3.673174758754433
11410120,남가좌동,0.0,안전,0.0,0.0,0.0,29.42436155862069,1.2608191733227112
11410119,북가좌동,0.0,안전,0.0,0.0,0.0,20.74781195031056,1.4014086348301795
11440120,서교동,0.0,안전,0.0,0.0,0.0,14.56729880882353,1.1834860623233414
11440122,합정동,0.0,안전,0.0,0.0,0.0,9.270360191878172,1.7267710051950376
11440103,신공덕동,0.0,안전,0.0,0.0,0.0,26.76691379310345,0.241268741969911
11440108,대흥동,0.0,안전,0.0,0.0,0.0,32.557116117647055,0.6062239928099836
11440124,연남동,0.0,안전,0.0,0.0,0.0,13.364888182432432,0.6440211603474071
11440112,현석동,0.0,안전,0.0,0.0,0.0,12.092804036363638,0.1892164020261486
11440106,토정동,0.0,안전,0.0,0.0,0.0,6.190020146153846,0.1141485426665834
11440126,중동,0.0,안전,0.0,0.0,0.0,16.816590038461538,0.3340217581140263
11440123,망원동,0.0,안전,0.0,0.0,0.0,8.145401741584159,1.7412562140251708
11440117,신정동,0.0,안전,0.0,0.0,0.0,9.338149815384616,0.1146159377892653
11440102,공덕동,0.0,안전,0.0,0.0,0.0,29.696612102272727,0.7661187374206587
11440118,당인동,0.0,안전,0.0,0.0,0.0,9.243127172222223,0.3218398699950816
11440115,상수동,0.0,안전,0.0,0.0,0.0,19.35623382647059,0.5689570991241357
11440113,구수동,0.0,안전,0.0,0.0,0.0,12.791862285714286,0.050343530484666
11440121,동교동,0.0,안전,0.0,0.0,0.0,14.320499434782608,0.4112730494758342
11440127,상암동,0.0,안전,0.0,0.0,0.0,21.70361832564901,8.394089137332328
11440125,성산동,0.0,안전,0.0,0.0,0.0,19.384394003436427,2.554544140357361
11440114,창전동,0.0,안전,0.0,0.0,0.0,34.105666425925925,0.4763611018540939
11440101,아현동,0.0,안전,0.0,0.0,0.0,45.15175465555555,0.7876608604468192
11440109,염리동,0.0,안전,0.0,0.0,0.0,29.27700821538461,0.5374880142372228
11440105,용강동,0.0,안전,0.0,0.0,0.0,9.751270951428571,0.3014156724502484
11440116,하중동,0.0,안전,0.0,0.0,0.0,9.474012154545456,0.0940303508852888
11440110,노고산동,0.0,안전,0.0,0.0,0.0,25.587798457142856,0.3083634636649184
11440111,신수동,0.0,안전,0.0,0.0,0.0,21.45088834848485,0.5964004545194288
11440104,도화동,0.0,안전,0.0,0.0,0.0,19.74731661764706,0.5806146625176107
11440107,마포동,0.0,안전,0.0,0.0,0.0,12.128750772,0.2256985555711099
11470101,신정동,0.0,안전,0.0,0.0,0.0,22.570642965587528,7.185908989762933
11470103,신월동,0.0,안전,0.0,0.0,0.0,28.898334813513515,4.938880006925234
11470102,목동,0.0,안전,0.0,0.0,0.0,14.339368255609758,5.341682726069763
11500102,등촌동,0.0,안전,0.0,0.0,0.0,20.40409746091205,2.675556274845914
11500104,가양동,0.0001,주의,0.0,0.0,0.0,10.553558542804428,2.4011905890793743
11500108,공항동,0.0,안전,0.0,0.0,0.0,12.387153273652697,2.909030158378138
11500109,방화동,0.0,안전,0.0,0.0,0.0,17.270370085421412,3.881828223796332
11500111,과해동,0.0,안전,0.0,0.0,0.0,11.03402829326923,2.78410017301947
11500113,오쇠동,0.0,안전,0.0,0.0,0.0,11.295233,0.9869011440395872
11500112,오곡동,0.0,안전,0.0,0.0,0.0,10.46287091082353,3.738438920209632
11500110,개화동,0.0,안전,0.0,0.0,0.0,15.60351689907749,4.795834461001014
11500107,외발산동,0.0,안전,0.0,0.0,0.0,15.42852511513158,1.3269314309271376
11500106,내발산동,0.0,안전,0.0,0.0,0.0,16.61886817894737,1.6369985875393491
11500101,염창동,0.0,안전,0.0,0.0,0.0,11.840097488118811,1.7286761693093042
11500103,화곡동,0.0,안전,0.0,0.0,0.0,28.3601211611797,6.344726410693576
11500105,마곡동,0.0001,주의,0.0,0.0,0.0,8.774832077947297,6.241724238732657
11530111,천왕동,0.0,안전,0.0,0.0,0.0,38.030642903409095,1.5188933460519656
11530107,개봉동,0.0,안전,0.0,0.0,0.0,27.79869983603604,2.9404151121327944
11530106,고척동,0.0,안전,0.0,0.0,0.0,23.237894030120483,2.188826433464337
11530110,온수동,0.0,안전,0.0,0.0,0.0,49.80686745360825,0.844126051045145
11530108,오류동,0.0,안전,0.0,0.0,0.0,33.315007657088124,2.2650555633446694
11530102,구로동,0.0,안전,0.0,0.0,0.0,13.465938754695223,5.308140668290317
11530109,궁동,0.0,안전,0.0,0.0,0.0,49.8820147363184,1.8189626438358943
11530112,항동,0.0,안전,0.0,0.0,0.0,38.12945662264151,1.446921169520628
11530101,신도림동,0.0,안전,0.0,0.0,0.0,8.831506656329115,1.3917831300876222
11530103,가리봉동,0.0,안전,0.0,0.0,0.0,17.086720195652173,0.4079894785675169
11545102,독산동,0.0,안전,0.0,0.0,0.0,25.67229258768268,4.2088733442598105
11545101,가산동,0.0,안전,0.0,0.0,0.19,10.548472842105264,2.5075813797348774
11545103,시흥동,0.0,안전,0.0,0.0,0.055,69.31484539551192,6.297670283604088
11560122,문래동4가,0.0,안전,0.0,0.0,0.0,8.96873684090909,0.1765638857183109
11560102,영등포동1가,0.0,안전,0.0,0.0,0.0,11.0985387,0.0789726620356583
11560104,영등포동3가,0.0,안전,0.0,0.0,0.0,10.334834035714286,0.1181138290411822
11560124,문래동6가,0.0,안전,0.0,0.0,0.0,8.503507517647058,0.3203449634234646
11560107,영등포동6가,0.0,안전,0.0,0.0,0.0,9.731193409090908,0.0944575975339995
11560103,영등포동2가,0.0,안전,0.0,0.0,0.0,11.37307875,0.3125749979517752
11560114,당산동4가,0.0,안전,0.0,0.0,0.0,10.173229411764703,0.300508682007592
11560125,양평동1가,0.0,안전,0.0,0.0,0.0,8.766629,0.2323375226630682
11560126,양평동2가,0.0,안전,0.0,0.0,0.0,9.036515770833333,0.1910796641576456
11560108,영등포동7가,0.0,안전,0.0,0.0,0.0,10.662419833333333,0.2884018839275207
11560110,여의도동,0.0,안전,0.0,0.0,0.0,7.969784531995885,8.438335354940053
11560131,양화동,0.0,안전,0.0,0.0,0.0,7.359284922916667,1.6963120048388545
11560117,당산동,0.0,안전,0.0,0.0,0.0,9.5000811,0.8083359208761978
11560134,양평동,0.0,안전,0.0,0.0,0.0,6.805495930769231,0.5680436519186811
11560123,문래동5가,0.0,안전,0.0,0.0,0.0,8.7415737,0.297961944947386
11560121,문래동3가,0.0,안전,0.0,0.0,0.0,10.533689326666666,0.672332796126005
11560129,양평동5가,0.0,안전,0.0,0.0,0.0,9.23198648,0.2228444572272989
11560130,양평동6가,0.0,안전,0.0,0.0,0.0,10.263100653846154,0.1250411716672683
11560101,영등포동,0.0,안전,0.0,0.0,0.0,15.107067698529413,0.5892249657778393
11560113,당산동3가,0.0,안전,0.0,0.0,0.0,9.971085875,0.3643373779830218
11560111,당산동1가,0.0,안전,0.0,0.0,0.0,9.99982332,0.2179308386439511
11560118,도림동,0.0,안전,0.0,0.0,0.0,15.857164223880597,0.5875455704389618
11560120,문래동2가,0.0,안전,0.0,0.0,0.0,9.967369011764706,0.143418239660633
11560119,문래동1가,0.0,안전,0.0,0.0,0.0,11.020647631578948,0.1640639109629205
11560112,당산동2가,0.0,안전,0.0,0.0,0.0,9.777750764705884,0.1628498331061752
11560115,당산동5가,0.0,안전,0.0,0.0,0.0,11.644082606060609,0.2896002761349213
11560116,당산동6가,0.0,안전,0.0,0.0,0.0,12.54831652777778,0.1668558165331427
11560106,영등포동5가,0.0,안전,0.0,0.0,0.0,9.386672363636364,0.094969226765905
11560105,영등포동4가,0.0,안전,0.0,0.0,0.0,10.720442565217391,0.1945276791420804
11560109,영등포동8가,0.0,안전,0.0,0.0,0.0,11.2369515,0.1582375179373419
11560127,양평동3가,0.0,안전,0.0,0.0,0.0,8.90105557090909,0.475774136375716
11560133,대림동,0.0,안전,0.0,0.0,0.0,12.815823745652173,1.998175323153624
11560128,양평동4가,0.0,안전,0.0,0.0,0.0,10.773490646341465,0.3748466672061586
11560132,신길동,0.0,안전,0.0,0.0,0.0,19.442070557142856,3.612476665212158
11590102,상도동,0.0,안전,0.0,0.0,0.0,62.704285850490194,3.553696466783569
11590101,노량진동,0.0,안전,0.0,0.0,0.0,22.240619363742688,1.471017100419081
11590103,상도1동,0.0001,주의,0.0,0.0,0.0,54.041235,0.3150881773615712
11590108,대방동,0.0,안전,0.0,0.0,0.0,27.6766832511236,1.533561851942115
11590109,신대방동,0.0,안전,0.0,0.0,0.0,24.557251338624337,1.6597716854133997
11590105,흑석동,0.0,안전,0.0,0.0,0.0,40.27731962319588,1.6757550893430178
11590107,사당동,0.0,안전,0.0,0.0,0.0,49.11132751591512,3.2905626231422778
11590106,동작동,0.0,안전,0.0,0.0,0.0,48.87139909072581,2.1317693399875197
11590104,본동,0.0,안전,0.0,0.0,0.0,24.236929030952385,0.7571103982620674
11620101,봉천동,0.0,안전,0.0,0.0,0.0,84.24638815665236,8.153210464724783
11620102,신림동,0.0,안전,0.0,0.0,0.0,142.11356934112823,18.13332438720854
11620103,남현동,0.0,안전,0.0,0.0,0.0,163.05008768617023,3.27665184547419
11650109,내곡동,0.0,안전,0.0,0.0,0.0,103.60017786503718,8.275608863898121
11650104,원지동,0.0,안전,0.0,0.0,0.0,157.54195391609588,5.124062850022307
11650102,양재동,0.0,안전,0.0,0.0,0.0,30.63892008172043,4.071196349646421
11650111,신원동,0.0,안전,0.0,0.0,0.0,95.49153216293932,2.751468904467945
11650101,방배동,0.0,안전,0.0,0.0,0.0,53.69307536280884,6.68518082825477
11650103,우면동,0.0,안전,0.0,0.0,0.0,90.7411357834395,4.138110192294656
11650110,염곡동,0.0,안전,0.0,0.0,0.0,80.02330734920635,1.645961651620911
11650108,서초동,0.0,안전,0.0,0.0,0.0,40.23672501020408,6.39949073237439
11650107,반포동,0.0,안전,0.0,0.0,0.0,16.367323746892136,4.789329163068053
11650106,잠원동,0.0,안전,0.0,0.0,0.0,10.549023451156067,3.007778292754354
11680106,대치동,0.0,안전,0.0,0.0,0.0,19.63960681461187,3.792437051832669
11680103,개포동,0.0,안전,0.0,0.0,0.0,50.02724863461538,5.430800765679168
11680111,세곡동,0.0,안전,0.0,0.0,0.0,39.76636713138686,2.422147645202247
11680107,신사동,0.0,안전,0.0,0.0,0.0,17.002906000502513,1.7184278432264104
11680110,압구정동,0.0,안전,0.0,0.0,0.0,10.686374056065572,2.686044864505654
11680113,율현동,0.0,안전,0.0,0.0,0.0,24.511134908163264,1.267236875399661
11680114,일원동,0.0,안전,0.0,0.0,0.0,49.20355867837078,3.095973227196896
11680112,자곡동,0.0,안전,0.0,0.0,0.0,58.302981964052286,2.6783899838921905
11680115,수서동,0.0,안전,0.0,0.0,0.0,39.67474433496732,2.6252102837049973
11680105,삼성동,0.0,안전,0.0,0.0,0.0,29.41284611607629,3.190517346903122
11680108,논현동,0.0,안전,0.0,0.0,0.0,38.986130501612905,2.7172654813285657
11680101,역삼동,0.0,안전,0.0,0.0,0.0,35.358025605459055,3.497174771144243
11680104,청담동,0.0,안전,0.0,0.0,0.0,22.765734477238805,2.333502964967665
11680118,도곡동,0.0,안전,0.0,0.0,0.0,28.49872902360515,2.0413551589758008
11710113,거여동,0.0,안전,0.0,0.0,0.0,41.53149259774436,2.389657925095936
11710109,장지동,0.0,안전,0.0,0.0,0.0,25.56411204560261,2.716558392858356
11710108,문정동,0.0,안전,0.0,0.0,0.0,23.255639275167784,2.608057420710288
11710111,방이동,0.0,안전,0.0,0.0,0.0,19.7361764122807,4.465321831759843
11710112,오금동,0.0,안전,0.0,0.0,0.0,28.649759566137565,1.648776375006302
11710107,가락동,0.0,안전,0.0,0.0,0.0,24.92001252911392,3.429705622882095
11710106,삼전동,0.0,안전,0.0,0.0,0.0,14.161106905405406,0.953442154832866
11710105,석촌동,0.0,안전,0.0,0.0,0.0,14.943626401869158,0.9469143443481156
11710103,풍납동,0.0,안전,0.0,0.0,0.0,14.080688512043796,2.35358595655712
11710104,송파동,0.0,안전,0.0,0.0,0.0,21.95869003921569,1.31794836279951
11710101,잠실동,0.0,안전,0.0,0.0,0.0,13.097372470351758,5.210962916275381
11710114,마천동,0.0,안전,0.0,0.0,0.0,44.06313044099379,1.4678991021176873
11710102,신천동,0.0,안전,0.0,0.0,0.0,9.175441971805274,4.3480070981594565
11740102,고덕동,0.0,안전,0.0,0.0,0.0,27.97887595485961,4.011089948282871
11740106,둔촌동,0.0,안전,0.0,0.0,0.175,32.852801600719424,2.4629349543647696
11740109,천호동,0.0,안전,0.0,0.0,0.1525,18.95034485257143,3.061623818718531
11740103,상일동,0.0,안전,0.0,0.0,0.0,31.836603179640715,2.920730705876587
11740108,성내동,0.0,안전,0.0,0.0,0.44,16.637654415555556,1.95770504337562
11740105,길동,0.0,안전,0.0,0.0,0.144,27.78259753475936,1.612791420063285
11740110,강일동,0.0,안전,0.0,0.0,0.0,20.54592838188976,2.2677088061173145
11740101,명일동,0.0,안전,0.0,0.0,0.0566666666666666,34.45357417142857,1.5721318379957114
11740107,암사동,0.0,안전,0.0,0.0,0.055,19.204394862126865,4.692446044217444
